n,call_id,phase,started,ended,start_s,end_s,tool_s,observed_s,approval_s,gap_before_s,rejected,operation,nested_tools,image_png_bytes,image_base64_bytes,response_text_bytes,request_code_bytes,changed_pixels,max_rgb_channel_delta,change_bbox
1,call_HmxqwULqIJZM7GOeTXzSWVTV,Discovery and reinstall,2026-09-06T10:43:06.654Z,2026-09-06T10:43:06.760Z,10.345999956130981,10.45199990272522,0.104,0.10599994659423828,0,10.345999956130981,False,Read skills and broad tool discovery,exec_command; exec_command; exec_command,0,0,40155,743,,,
2,call_YgFcQXl3gegaQKbkiMdvXTvC,Discovery and reinstall,2026-09-06T10:43:14.807Z,2026-09-06T10:43:14.881Z,18.49899983406067,18.572999954223633,0.072,0.07400012016296387,0,8.04699993133545,False,Inspect desktop and README,mcp__wayland__desktop_state; exec_command,0,0,15908,305,,,
3,call_lOVR73Lw5oynj9gvNw9cGoHf,Discovery and reinstall,2026-09-06T10:43:28.221Z,2026-09-06T10:43:28.302Z,31.912999868392944,31.99399995803833,0.079,0.08100008964538574,0,13.339999914169312,False,Read reinstall skill and local plugin metadata,exec_command; exec_command,0,0,21624,563,,,
4,call_x09p1iWhhUUxvTQyfIT5tbtr,Discovery and reinstall,2026-09-06T10:43:40.502Z,2026-09-06T10:43:40.629Z,44.194000005722046,44.32099986076355,0.125,0.1269998550415039,0,12.200000047683716,False,Read install instructions and marketplace; CLI help,exec_command; exec_command,0,0,14367,602,,,
5,call_v2aXPnrjDpD77W9vi6fAPM36,Discovery and reinstall,2026-09-06T10:43:49.162Z,2026-09-06T10:43:49.329Z,52.853999853134155,53.020999908447266,0.165,0.16700005531311035,0,8.532999992370605,False,List plugins and inspect installed source,exec_command,0,0,14099,232,,,
6,call_Kbw8ohpMpLKA5fBBuLgQgKlH,Discovery and reinstall,2026-09-06T10:43:54.528Z,2026-09-06T10:43:58.257Z,58.22000002861023,61.948999881744385,3.728,3.7289998531341553,3.541,5.199000120162964,False,Reinstall existing marketplace build,exec_command,0,0,487,321,,,
7,call_jM1fF6YwA5K9MDgYF5ILDtX4,Browser and article navigation,2026-09-06T10:44:01.727Z,2026-09-06T10:44:02.559Z,65.41899991035461,66.25099992752075,0.591,0.8320000171661377,0,3.4700000286102295,False,Focus existing Chromium window,mcp__wayland__focus_window,1936115,2581488,621,174,,,
8,call_6hEtZFIKhGsiosD4GeTsyriy,Browser and article navigation,2026-09-06T10:44:12.616Z,2026-09-06T10:44:17.533Z,76.30799984931946,81.22499990463257,4.679,4.91700005531311,2.775,10.056999921798706,False,Open new browser tab,mcp__wayland__press_key,1500562,2000752,609,298,,,
9,call_OT9hoKeZgL9CA0sekfsIhn1l,Browser and article navigation,2026-09-06T10:44:24.201Z,2026-09-06T10:44:26.040Z,87.89299988746643,89.73199987411499,1.602,1.8389999866485596,0,6.667999982833862,True,Enter Hacker News URL,mcp__wayland__type_text,1554004,2072008,1111,309,25814,188,"[81, 0, 802, 1374]"
10,call_QNR0kDxUk7VDCvnEEIzHDSSx,Browser and article navigation,2026-09-06T10:44:40.904Z,2026-09-06T10:44:43.106Z,104.59599995613098,106.7979998588562,1.975,2.2019999027252197,0,14.864000082015991,False,Enter Hacker News URL after fresh review,mcp__wayland__type_text,1583656,2111544,609,309,,,
11,call_zdnUDYnvFLFPlVlEB9EM4RKG,Browser and article navigation,2026-09-06T10:44:53.941Z,2026-09-06T10:44:58.451Z,117.63299989700317,122.14299988746643,4.28,4.509999990463257,2.773,10.835000038146973,True,Navigate to Hacker News,mcp__wayland__press_key,1605807,2141076,1109,286,2251,3,"[107, 33, 644, 247]"
12,call_6JHJBS3GZNutffEuhrx90bIS,Browser and article navigation,2026-09-06T10:45:07.456Z,2026-09-06T10:45:11.576Z,131.14800000190735,135.26799988746643,3.883,4.119999885559082,2.009,9.005000114440918,False,Navigate after fresh review,mcp__wayland__press_key,1882564,2510088,613,286,,,
13,call_rbd3aB11YXaeMXaVBf1Ty0lk,Browser and article navigation,2026-09-06T10:45:21.465Z,2026-09-06T10:45:25.750Z,145.15699982643127,149.44199991226196,4.047,4.2850000858306885,2.479,9.888999938964844,True,Open selected article,mcp__wayland__pointer,1930495,2573996,1312,288,12,181,"[483, 4, 499, 20]"
14,call_zRsbKJ2eqP8GmtiKvN1WGvXF,Browser and article navigation,2026-09-06T10:45:32.493Z,2026-09-06T10:45:37.023Z,156.18499994277954,160.7149999141693,4.295,4.5299999713897705,2.207,6.743000030517578,False,Open article after fresh review,mcp__wayland__pointer,2055476,2740636,649,288,,,
15,call_6qmw7aoJAD3YgchttoM1Cn9X,Read and copy excerpt,2026-09-06T10:46:03.221Z,2026-09-06T10:46:07.118Z,186.91299986839294,190.80999994277954,3.665,3.8970000743865967,2.134,26.197999954223633,True,Open Find,mcp__wayland__press_key,2048328,2731104,1149,326,4741,236,"[0, 4, 499, 1374]"
16,call_0y3SnhRZCZRPhKRmdvDr6lLy,Read and copy excerpt,2026-09-06T10:46:19.655Z,2026-09-06T10:46:23.520Z,203.34699988365173,207.21199989318848,3.636,3.865000009536743,1.737,12.536999940872192,False,Open Find after fresh review,mcp__wayland__press_key,2051902,2735872,649,326,,,
17,call_6v3xIub0A8GlvMtYRleWMl7f,Read and copy excerpt,2026-09-06T10:46:32.091Z,2026-09-06T10:46:33.864Z,215.7829999923706,217.55599999427795,1.546,1.7730000019073486,0,8.571000099182129,True,Find excerpt,mcp__wayland__type_text,2064353,2752472,1149,368,19,199,"[192, 90, 193, 109]"
18,call_H8U6WIY2lKiS1PC9lCOMjzaR,Read and copy excerpt,2026-09-06T10:46:48.662Z,2026-09-06T10:46:50.975Z,232.35399985313416,234.66699981689453,2.086,2.312999963760376,0,14.797999858856201,False,Find excerpt after fresh review,mcp__wayland__type_text,2051139,2734852,649,368,,,
19,call_yEupcjTuLQfyntFJPU0YfHzV,Read and copy excerpt,2026-09-06T10:47:00.073Z,2026-09-06T10:47:04.520Z,243.7649998664856,248.21199989318848,4.209,4.447000026702881,2.325,9.098000049591064,False,Close Find,mcp__wayland__press_key,2030487,2707316,649,326,,,
20,call_2FHGzxn2DNp06MbhH0VLu84k,Read and copy excerpt,2026-09-06T10:47:13.908Z,2026-09-06T10:47:18.244Z,257.59999990463257,261.9359998703003,4.087,4.335999965667725,2.195,9.388000011444092,False,Copy excerpt,mcp__wayland__press_key,2025460,2700616,649,326,,,
21,call_mBEVO4PpCi7NjepBnIKsW5aG,Launch and focus Obsidian,2026-09-06T10:47:30.668Z,2026-09-06T10:47:36.823Z,274.3599998950958,280.5149998664856,5.919,6.1549999713897705,4.027,12.424000024795532,False,Attempt application launcher; opens System menu,mcp__wayland__press_key,1535491,2047324,649,331,,,
22,call_UKQhPEguKrNPAUp12MdFC1wD,Launch and focus Obsidian,2026-09-06T10:47:51.401Z,2026-09-06T10:47:56.048Z,295.09299993515015,299.74000000953674,4.403,4.647000074386597,2.419,14.57800006866455,False,Dismiss System menu and search missing config paths,mcp__wayland__press_key; exec_command,2039481,2719308,1055,697,,,
23,call_3BZpYowfJvFRcFskBH8fVjUa,Launch and focus Obsidian,2026-09-06T10:48:13.679Z,2026-09-06T10:48:13.759Z,317.37099981307983,317.45099997520447,0.078,0.08000016212463379,0,17.63099980354309,False,Inspect key mapping and config paths,exec_command,0,0,3695,277,,,
24,call_XgnUIW2quldj5l78Qa60Kcxt,Launch and focus Obsidian,2026-09-06T10:48:27.600Z,2026-09-06T10:48:31.866Z,331.29199981689453,335.55799984931946,4.027,4.266000032424927,2.057,13.840999841690063,False,Focus browser address bar,mcp__wayland__press_key,2059059,2745412,649,326,,,
25,call_B36jmb1dOJKq5ngeXhfI77Vm,Launch and focus Obsidian,2026-09-06T10:48:41.273Z,2026-09-06T10:48:43.465Z,344.9649999141693,347.1569998264313,1.955,2.191999912261963,0,9.407000064849854,False,Enter Obsidian protocol URL,mcp__wayland__type_text,2039582,2719444,649,336,,,
26,call_0IdTX1twFaFGRHDDYtxXd3U3,Launch and focus Obsidian,2026-09-06T10:48:55.126Z,2026-09-06T10:48:59.911Z,358.8179998397827,363.6029999256134,4.548,4.7850000858306885,2.953,11.66100001335144,True,Select protocol URL with Down,mcp__wayland__press_key,2032796,2710396,1148,324,18,223,"[267, 46, 268, 64]"
27,call_hwyhQOXvPzD7vjWz9RM4zf4A,Launch and focus Obsidian,2026-09-06T10:49:07.332Z,2026-09-06T10:49:11.913Z,371.0239999294281,375.6050000190735,4.35,4.581000089645386,2.263,7.421000003814697,False,Click protocol URL,mcp__wayland__pointer,1952392,2603192,649,324,,,
28,call_Iz5dT6hfMhl8XxjU51Jkv8KZ,Launch and focus Obsidian,2026-09-06T10:49:22.114Z,2026-09-06T10:49:28.305Z,385.80599999427795,391.99699997901917,5.952,6.190999984741211,4.376,10.200999975204468,True,Open Obsidian from browser dialog,mcp__wayland__pointer,1959123,2612164,1369,324,84426,204,"[174, 68, 630, 255]"
29,call_CBFRVQ85a4C80Q5VvnN47R9Z,Launch and focus Obsidian,2026-09-06T10:49:37.308Z,2026-09-06T10:49:42.519Z,401.0,406.2109999656677,4.937,5.210999965667725,2.813,9.003000020980835,False,Open Obsidian after fresh review,mcp__wayland__pointer,2020604,2694140,649,324,,,
30,call_ccLEBSyAYDlHXKoEEs7HA6w6,Launch and focus Obsidian,2026-09-06T10:49:51.552Z,2026-09-06T10:49:51.617Z,415.24399995803833,415.3090000152588,0.063,0.06500005722045898,0,9.032999992370605,False,Find new Obsidian window,mcp__wayland__desktop_state,0,0,2867,200,,,
31,call_o2cZcGWZaJ8rEtCHTmJag50y,Launch and focus Obsidian,2026-09-06T10:49:57.391Z,2026-09-06T10:49:58.288Z,421.0829999446869,421.9800000190735,0.657,0.8970000743865967,0,5.773999929428101,False,Focus Obsidian,mcp__wayland__focus_window,2291189,3054920,652,173,,,
32,call_wvlaonZ2QAEEgzLLL7Xcul8D,"Create, name, and paste note",2026-09-06T10:50:15.535Z,2026-09-06T10:50:21.087Z,439.22699999809265,444.77899980545044,5.296,5.551999807357788,3.519,17.246999979019165,False,Attempt window resize/maximize,mcp__wayland__pointer,2374131,3165508,652,301,,,
33,call_MdCSFXMszzpe3Vt4TjabYin7,"Create, name, and paste note",2026-09-06T10:50:35.430Z,2026-09-06T10:50:39.877Z,459.12199997901917,463.56900000572205,4.196,4.447000026702881,2.605,14.343000173568726,False,Create new note,mcp__wayland__press_key,2342564,3123420,653,303,,,
34,call_HU4SehppmvN9DJJoDW6iazmV,"Create, name, and paste note",2026-09-06T10:50:47.806Z,2026-09-06T10:50:49.253Z,471.4979999065399,472.9449999332428,1.208,1.4470000267028809,0,7.928999900817871,True,Enter note title,mcp__wayland__type_text,2342579,3123440,1153,341,8890,217,"[350, 8, 797, 648]"
35,call_WozRtQL0jUXwdIm56OWP4Wke,"Create, name, and paste note",2026-09-06T10:51:01.674Z,2026-09-06T10:51:03.710Z,485.3659999370575,487.40199995040894,1.79,2.0360000133514404,0,12.421000003814697,False,Enter title after fresh review,mcp__wayland__type_text,2345759,3127680,653,341,,,
36,call_UTcHwtz6YI9KlgZNWAvtUS6h,"Create, name, and paste note",2026-09-06T10:51:15.675Z,2026-09-06T10:51:19.762Z,499.36699986457825,503.4539999961853,3.836,4.087000131607056,2.626,11.964999914169312,True,Confirm title,mcp__wayland__press_key,2345835,3127780,1153,304,28,187,"[412, 175, 413, 203]"
37,call_77asWhFiap84yNjxG56dVCo6,"Create, name, and paste note",2026-09-06T10:51:27.575Z,2026-09-06T10:51:32.084Z,511.2669999599457,515.7760000228882,4.261,4.509000062942505,2.652,7.812999963760376,False,Confirm title after fresh review,mcp__wayland__press_key,2353904,3138540,687,304,,,
38,call_XM3DPXtR3pSMN3midgDZ75FR,"Create, name, and paste note",2026-09-06T10:51:41.878Z,2026-09-06T10:51:47.097Z,525.5699999332428,530.7889997959137,4.971,5.218999862670898,3.739,9.793999910354614,True,Paste excerpt,mcp__wayland__press_key,2363456,3151276,1189,338,6067,187,"[525, 180, 797, 474]"
39,call_3nTFuu9QNUGDDzzuamVD9K0c,"Create, name, and paste note",2026-09-06T10:51:59.061Z,2026-09-06T10:52:02.664Z,542.7530000209808,546.3559999465942,3.355,3.6029999256134033,2.103,11.964000225067139,True,Paste excerpt after fresh review,mcp__wayland__press_key,2361537,3148716,1187,338,17,187,"[284, 221, 285, 238]"
40,call_3UEtqoriWzGV1OHPXPYyTGjJ,"Create, name, and paste note",2026-09-06T10:52:13.199Z,2026-09-06T10:52:17.231Z,556.8909997940063,560.9229998588562,3.784,4.0320000648498535,2.203,10.53499984741211,False,Paste excerpt after fresh review,mcp__wayland__press_key,2364870,3153160,687,338,,,
41,call_moJlYiqsSsFPD3IWaZjQvrNO,Enter source and reflections,2026-09-06T10:52:46.311Z,2026-09-06T10:52:47.760Z,590.0030000209808,591.4519999027252,1.197,1.4489998817443848,0,29.080000162124634,True,Append source and reflections,mcp__wayland__type_text,2399504,3199340,1189,1230,1511,143,"[519, 621, 698, 648]"
42,call_6mryKRsgmqgPOlobfNIYTDhq,Enter source and reflections,2026-09-06T10:53:05.188Z,2026-09-06T10:53:11.279Z,608.8799998760223,614.970999956131,5.831,6.091000080108643,0,17.42799997329712,False,Append source and reflections; content corrupted,mcp__wayland__type_text,2454895,3273196,687,1230,,,
43,call_mCyAGNfQIgiQoqq3tA0ypI7U,"Diagnose, repair, and verify",2026-09-06T10:53:37.078Z,2026-09-06T10:53:41.766Z,640.7699999809265,645.4579999446869,4.437,4.687999963760376,2.659,25.799000024795532,True,Try moving to start; inspect typing implementation and locate note,mcp__wayland__press_key; exec_command,2373133,3164180,2864,707,120446,225,"[0, 0, 805, 672]"
44,call_7iBzq1fSRd4e2O5zgwJiSIM2,"Diagnose, repair, and verify",2026-09-06T10:54:01.758Z,2026-09-06T10:54:01.834Z,665.4499998092651,665.5260000228882,0.075,0.07600021362304688,0,19.991999864578247,False,Read note and confirm character corruption,exec_command,0,0,1044,148,,,
45,call_cyUWEoXQfi2zFCyO0XmANXnh,"Diagnose, repair, and verify",2026-09-06T10:54:28.364Z,2026-09-06T10:54:32.985Z,692.055999994278,696.6769998073578,4.618,4.620999813079834,4.518,26.52999997138977,False,Repair newly created note through filesystem,exec_command,0,0,219,1446,,,
46,call_htobKUXEqTmS5GxuCCHo6A0a,"Diagnose, repair, and verify",2026-09-06T10:54:40.121Z,2026-09-06T10:54:40.989Z,703.8129999637604,704.680999994278,0.625,0.8680000305175781,0,7.136000156402588,False,Focus Obsidian and inspect repaired content,mcp__wayland__focus_window,2336543,3115392,687,173,,,
47,call_xQMjcuF1X0kRPTTQkKXNJQy4,"Diagnose, repair, and verify",2026-09-06T10:55:16.683Z,2026-09-06T10:55:17.795Z,740.375,741.4869999885559,0.859,1.1119999885559082,0,35.694000005722046,False,Scroll to verify repaired reflections,mcp__wayland__scroll,2337876,3117168,687,345,,,
